Sum Sq,Mean Sq,NumDF,DenDF,F value,Pr(>F)
0.0022053924388676697,0.0022053924388676697,1,20.09019832682678,3.4852927807329697,0.07657964362415037
0.0011758827598017966,0.0011758827598017966,1,103.93667373770815,1.8583067673115718,0.17576612965168112
5.119433931167453e-4,5.119433931167453e-4,1,157.30765338191236,0.8090499362960748,0.3697761057804775
