Sum Sq,Mean Sq,NumDF,DenDF,F value,Pr(>F)
0.08820163212759845,0.08820163212759845,1,14.481264636164905,7.414582099113597,0.01610657420408612
0.023877412300799428,0.023877412300799428,1,28.392387998160643,2.0072308136264723,0.16743043866301252
0.026214571842227544,0.026214571842227544,1,141.62622675151425,2.2037017958592733,0.13990203656976427
