Sum Sq,Mean Sq,NumDF,DenDF,F value,Pr(>F)
0.02538217737057586,0.02538217737057586,1,15.092207114330956,2.5282600792213357,0.1325485786673564
0.02972144259172004,0.02972144259172004,1,27.952938394037126,2.96048426832854,0.096375797173857
0.02958760624236982,0.02958760624236982,1,141.22172593531647,2.947153138604297,0.08822142681130984
