"","Df","Sum Sq","Mean Sq","F value","Pr(>F)"
"room_condition",1,0.6125,0.6125,0.870650449497621,0.358752350221059
"Residuals",28,19.6979166666667,0.703497023809524,NA,NA
