"","Df","Sum Sq","Mean Sq","F value","Pr(>F)"
"room_condition",1,1.637964532954,1.637964532954,0.637817935956099,0.42709273335219
"Residuals",73,187.469502133713,2.56807537169469,NA,NA
