"","estimate","estimate1","estimate2","statistic","p.value","parameter","conf.low","conf.high","method","alternative"
"1",0.0155555555555553,3.23777777777778,3.22222222222222,0.0762509301538461,0.939392903838701,87.8217923557184,-0.389872576954235,0.420983688065346,"Welch Two Sample t-test","two.sided"
