Sum Sq,Mean Sq,NumDF,DenDF,F value,Pr(>F)
0.005134079506839869,0.005134079506839869,1,19.02672971872405,0.35446094388857197,0.5586143619852972
3.7505717864035656e-4,3.7505717864035656e-4,1,52.797963331973264,0.02589424674392601,0.872773003083507
2.704479610500085e-4,2.704479610500085e-4,1,176.33093147628108,0.01867194292936292,0.8914670416120709
