Sum Sq,Mean Sq,NumDF,DenDF,F value,Pr(>F)
0.005293594807782268,0.005293594807782268,1,19.026340955121977,0.39897277313179236,0.5351364377763753
8.063692382914794e-4,8.063692382914794e-4,1,69.93603214815286,0.0607752166252607,0.8059970232138173
0.0018956576372026485,0.0018956576372026485,1,176.33654804117802,0.14287375817116188,0.7058952691496522
