Sum Sq,Mean Sq,NumDF,DenDF,F value,Pr(>F)
0.011644430947707073,0.011644430947707073,1,23.43919312328778,11.050983127751868,0.002900686439524392
0.0010911932673750395,0.0010911932673750395,1,213.72977714901896,1.0355815961322272,0.31000186239239086
3.892306657989851e-4,3.892306657989851e-4,1,213.5663542615353,0.3693938793458347,0.5439805799023398
