Sum Sq,Mean Sq,NumDF,DenDF,F value,Pr(>F)
0.03188351217518954,0.03188351217518954,1,66.08057914601292,10.734728669842964,0.0016772065282174417
0.002828585664476512,0.002828585664476512,1,366.12350024014535,0.9523448816028159,0.32976748542129586
9.10064293415648e-4,9.10064293415648e-4,1,503.19070949051195,0.3064058064949132,0.5801400125060457
