Sum Sq,Mean Sq,NumDF,DenDF,F value,Pr(>F)
0.0020636464827486277,0.0020636464827486277,1,44.68409247960754,0.11894104573593597,0.7318039581212754
0.0014852715440118896,0.0014852715440118896,1,169.80253133956438,0.08560562679868715,0.770197057186547
8.374988245418491e-4,8.374988245418491e-4,1,427.2373130645921,0.04827037325741345,0.8262056902066921
