Sum Sq,Mean Sq,NumDF,DenDF,F value,Pr(>F)
0.01661840317504061,0.01661840317504061,1,45.14116671340667,1.2049712475794059,0.2781513045300247
6.101468773248997e-4,6.101468773248997e-4,1,158.16476315504875,0.04424067921766896,0.8336771854358753
0.008823794332237204,0.008823794332237204,1,426.84722531178284,0.6397978405572032,0.42422892409264423
