"","estimate","estimate1","estimate2","statistic","p.value","parameter","conf.low","conf.high","method","alternative"
"1",-2.80196078431373,5.76470588235294,8.56666666666667,-3.13941989168619,0.00389456917583105,28.7544214167059,-4.62802423814826,-0.975897330479192,"Welch Two Sample t-test","two.sided"
