"","Df","Sum Sq","Mean Sq","F value","Pr(>F)"
"room_condition",1,2.34193548387097,2.34193548387097,1.05459827689842,0.312940383102499
"Residuals",29,64.4,2.22068965517241,NA,NA
