"","Df","Sum Sq","Mean Sq","F value","Pr(>F)"
"room_condition",1,157.053774928775,157.053774928775,11.7450402627438,0.00211870121434556
"Residuals",25,334.298076923077,13.3719230769231,NA,NA
