Sum Sq,Mean Sq,NumDF,DenDF,F value,Pr(>F)
0.01581891821053947,0.01581891821053947,1,19.319282936285703,2.1236541286641986,0.1611035222837136
0.08681177102141291,0.08681177102141291,1,29.052048222823426,11.654284666788692,0.0019073174639744276
0.012494444390872652,0.012494444390872652,1,173.58176344986455,1.6773510086399939,0.1969967048307538
