Sum Sq,Mean Sq,NumDF,DenDF,F value,Pr(>F)
0.008184959404838358,0.008184959404838358,1,19.25773795740956,0.7873626117184577,0.3858469267279834
0.07337042053365907,0.07337042053365907,1,30.30482673904057,7.057961203828869,0.012469314467456376
3.636572483080454e-6,3.636572483080454e-6,1,172.12986230250615,3.498247292819957e-4,0.9850992171761699
