Sum Sq,Mean Sq,NumDF,DenDF,F value,Pr(>F)
2.671305228484898e-4,2.671305228484898e-4,1,24.677465506751215,0.19390600742317896,0.6635184783433137
0.005164677389008848,0.005164677389008848,1,160.39791699158795,3.74896122484468,0.05459841000067331
0.001878905690086654,0.001878905690086654,1,197.68575775966917,1.363869230683294,0.24427461157056046
