"","Df","Sum Sq","Mean Sq","F value","Pr(>F)"
"room_condition",1,0.471900000000001,0.471900000000001,0.610358498523831,0.442620817460844
"Residuals",23,17.7825,0.773152173913044,NA,NA
